<camlist>
  <model>
    <name>fc300s</name>
    <width>6.16</width>
    <height>4.62</height>
  </model>
  <model>
    <name>fc6310</name>
    <width>13.2</width>
    <height>8.8</height>
  </model>
  <model>
    <name>hero5 black</name>
    <width>6.17</width>
    <height>4.55</height>
  </model>
  <model>
    <name>fc220</name>
    <width>6.16</width>
    <height>4.55</height>
  </model>
  <model>
    <name>fc7303</name>
    <width>6.3</width>
    <height>4.7</height>
  </model>
  <model>
    <name>fc3170</name>
    <width>6.4</width>
    <height>4.8</height>
  </model>
  <model>
    <name>fc1102</name>
    <width>6.3</width>
    <height>4.7</height>
  </model>
  <model>
    <name>fc230</name>
    <width>6.3</width>
    <height>4.7</height>
  </model>
  <model>
    <name>fc7203</name>
    <width>6.3</width>
    <height>4.7</height>
  </model>
  <model>
    <name>osmo pocket</name>
    <width>6.3</width>
    <height>4.7</height>
  </model>
  <model>
    <name>fc6510</name>
    <width>13.2</width>
    <height>8.8</height>
  </model>
  <model>
    <name>fc6510</name>
    <width>13.2</width>
    <height>8.8</height>
  </model>
  <model>
    <name>fc2204</name>
    <width>13.2</width>
    <height>8.8</height>
  </model>
  <model>
    <name>fc300c</name>
    <width>6.16</width>
    <height>4.62</height>
  </model>
  <model>
    <name>fc300se</name>
    <width>6.3</width>
    <height>4.7</height>
  </model>
  <model>
    <name>fc300x</name>
    <width>6.16</width>
    <height>4.62</height>
  </model>
  <model>
    <name>fc300xw</name>
    <width>6.17</width>
    <height>4.55</height>
  </model>
  <model>
    <name>fc330</name>
    <width>6.17</width>
    <height>4.55</height>
  </model>
  <model>
    <name>fc350</name>
    <width>6.17</width>
    <height>4.55</height>
  </model>
  <model>
    <name>fc550</name>
    <width>17.3</width>
    <height>13</height>
  </model>
  <model>
    <name>fc6310s</name>
    <width>13.2</width>
    <height>8.8</height>
  </model>
  <model>
    <name>hg310</name>
    <width>6.3</width>
    <height>4.7</height>
  </model>
  <model>
    <name>fc2103</name>
    <width>6.3</width>
    <height>4.7</height>
  </model>
  <model>
    <name>ot110</name>
    <width>6.3</width>
    <height>4.7</height>
  </model>
  <model>
    <name>phantom vision fc200</name>
    <width>6.48</width>
    <height>4.86</height>
  </model>
  <model>
    <name>fc6540</name>
    <width>23.5</width>
    <height>15.2</height>
  </model>
  <model>
    <name>fc6520</name>
    <width>17.3</width>
    <height>13</height>
  </model>
  <model>
    <name>fc350z</name>
    <width>6.17</width>
    <height>4.55</height>
  </model>
  <model>
    <name>fc350h</name>
    <width>6.17</width>
    <height>4.55</height>
  </model>
  <model>
    <name>fc550raw</name>
    <width>17.3</width>
    <height>13</height>
  </model>
  <model>
    <name>fc3411</name>
    <width>13.2</width>
    <height>8.8</height>
  </model>
</camlist>
